{
  "smiles": 0.7550281576830249,
  "inchikey": 0.8012872083668544,
  "n_labile": 1218,
  "n": 4972,
  "causes": {
    "normalize": 0.0016420361247947454,
    "fragment_parent": 0.15763546798029557,
    "uncharge": 0.021346469622331693,
    "remove_isotopes": 0.0049261083743842365,
    "canonical_tautomer": 0.8735632183908046
  }
}