{
  "n_fetched": 4972,
  "n_parsed": 4972,
  "n_unparseable": 0,
  "composition": {
    "has_stereocentre": 2366,
    "multi_fragment": 192,
    "formally_charged": 313,
    "contains_metal_or_rare_element": 66,
    "isotope_labelled": 6
  },
  "clustering": {
    "mean_within_block_tanimoto": 0.20598083604336218,
    "mean_between_block_tanimoto": 0.11226691363174617,
    "n_within_pairs": 22284,
    "n_between_pairs": 22284
  },
  "n_molecules": 4972,
  "smiles_reproducibility": 0.5414320193081255,
  "smiles_ci": [
    0.5275548777796224,
    0.5552451856307561
  ],
  "inchikey_reproducibility": 0.5766291230893001,
  "inchikey_ci": [
    0.5628410658078535,
    0.5902988572958079
  ],
  "n_labile": 2280,
  "n_with_failures": 0,
  "pairwise": [
    {
      "a": "Minimal",
      "b": "ChEMBL-like",
      "inchikey": 0.9613837489943685,
      "smiles": 0.9613837489943685
    },
    {
      "a": "Minimal",
      "b": "Aggressive",
      "inchikey": 0.5766291230893,
      "smiles": 0.5414320193081255
    },
    {
      "a": "ChEMBL-like",
      "b": "Aggressive",
      "inchikey": 0.5999597747385358,
      "smiles": 0.5639581657280772
    }
  ],
  "cause_spectrum": {
    "normalize": 0.0008771929824561404,
    "fragment_parent": 0.08421052631578947,
    "uncharge": 0.011403508771929825,
    "remove_isotopes": 0.002631578947368421,
    "remove_stereo": 0.6657894736842105,
    "canonical_tautomer": 0.22105263157894736
  },
  "unattributed_labile": 278,
  "protocols": [
    "Minimal",
    "ChEMBL-like",
    "Aggressive"
  ],
  "operations": [
    "metal_disconnect",
    "normalize",
    "reionize",
    "fragment_parent",
    "uncharge",
    "remove_isotopes",
    "remove_stereo",
    "canonical_tautomer"
  ]
}